ID,organization,province,area,health area ,agency,accredited1,accredited2,accredited3
1,ศูนย์วิทยาศาสตร์การแพทย์ที่ 1 เชียงใหม่,เชียงใหม่,ต่างจังหวัด,เขต 1,ภาครัฐ,NPS+TS,Pool Saliva,Pool NPS+TS
2,ศูนย์วิทยาศาสตร์การแพทย์ที่ 1/1 เชียงราย,เชียงราย,ต่างจังหวัด,เขต 1,ภาครัฐ,NPS+TS,Pool Saliva,Pool NPS+TS
3,สำนักงานป้องกันควบคุมโรคที่ 1 เชียงใหม่,เชียงใหม่,ต่างจังหวัด,เขต 1,ภาครัฐ,NPS+TS,Pool Saliva,Pool NPS+TS
4,โรงพยาบาลนครพิงค์ เชียงใหม่,เชียงใหม่,ต่างจังหวัด,เขต 1,ภาครัฐ,NPS+TS,Pool Saliva,Pool NPS+TS
5,โรงพยาบาลลำปาง,ลำปาง,ต่างจังหวัด,เขต 1,ภาครัฐ,NPS+TS,Pool Saliva,Pool NPS+TS
6,โรงพยาบาลเขลางค์นคร-ราม ลำปาง,ลำปาง,ต่างจังหวัด,เขต 1,เอกชน,NPS+TS,,Pool NPS+TS
7,โรงพยาบาลมะเร็งลำปาง,ลำปาง,ต่างจังหวัด,เขต 1,ภาครัฐ,NPS+TS,,
8,โรงพยาบาลเชียงรายประชานุเคราะห์,เชียงราย,ต่างจังหวัด,เขต 1,ภาครัฐ,NPS+TS,Pool Saliva,
9,โรงพยาบาลมหาราชนครเชียงใหม่,เชียงใหม่,ต่างจังหวัด,เขต 1,ภาครัฐ,NPS+TS,,Pool NPS+TS
10,โรงพยาบาลศรีสังวาลย์,แม่ฮ่องสอน,ต่างจังหวัด,เขต 1,ภาครัฐ,NPS+TS,Pool Saliva,Pool NPS+TS
11,ศูนย์บริการเทคนิคการแพทย์คลินิก คณะเทคนิคการแพทย์ มหาวิทยาลัยเชียงใหม่,เชียงใหม่,ต่างจังหวัด,เขต 1,ภาครัฐ,NPS+TS,,Pool NPS+TS
12,โรงพยาบาลราชเวช เชียงใหม่,เชียงใหม่,ต่างจังหวัด,เขต 1,เอกชน,NPS+TS,Pool Saliva,Pool NPS+TS
13,โรงพยาบาลเชียงใหม่ราม,เชียงใหม่,ต่างจังหวัด,เขต 1,เอกชน,NPS+TS,Pool Saliva,Pool NPS+TS
14,โรงพยาบาลานนา,เชียงใหม่,ต่างจังหวัด,เขต 1,เอกชน,NPS+TS,,Pool NPS+TS
15,โรงพยาบาลเชียงใหม่ใกล้หมอ,เชียงใหม่,ต่างจังหวัด,เขต 1,เอกชน,NPS+TS,Pool Saliva,Pool NPS+TS
16,โรงพยาบาลน่าน,น่าน,ต่างจังหวัด,เขต 1,ภาครัฐ,NPS+TS,,Pool NPS+TS
17,โรงพยาบาลสันทราย,เชียงใหม่,ต่างจังหวัด,เขต 1,ภาครัฐ,NPS+TS,Pool Saliva,
18,โรงพยาบาลแพร่,แพร่,ต่างจังหวัด,เขต 1,ภาครัฐ,NPS+TS,,Pool NPS+TS
19,โรงพยาบาลลำพูน,ลำพูน,ต่างจังหวัด,เขต 1,ภาครัฐ,NPS+TS,,
20,โรงพยาบาลพะเยา,พะเยา,ต่างจังหวัด,เขต 1,ภาครัฐ,NPS+TS,,
21,โรงพยาบาลพะเยาราม,พะเยา,ต่างจังหวัด,เขต 1,เอกชน,NPS+TS,Pool Saliva,Pool NPS+TS
22,โรงพยาบาลเกษมราษฎร์ ศรีบุรินทร์,เชียงราย,ต่างจังหวัด,เขต 1,เอกชน,NPS+TS,Pool Saliva,Pool NPS+TS
23,เอ็นเฮลท์ สหคลินิก สาขาเชียงใหม่,เชียงใหม่,ต่างจังหวัด,เขต 1,เอกชน,NPS+TS,Pool Saliva,Pool NPS+TS
24,ศูนย์วิทยาศาสตร์การแพทย์ที่ 2 พิษณุโลก,พิษณุโลก,ต่างจังหวัด,เขต 2,ภาครัฐ,NPS+TS,Pool Saliva,Pool NPS+TS
25,สำนักงานป้องกันควบคุมโรคที่ 2 พิษณุโลก,พิษณุโลก,ต่างจังหวัด,เขต 2,ภาครัฐ,NPS+TS,,Pool NPS+TS
26,หน่วยวิจัยมาลาเรียโซโกล ห้องปฏิบัติการจุลชีววิทยา,ตาก,ต่างจังหวัด,เขต 2,ภาครัฐ,NPS+TS,Pool Saliva,Pool NPS+TS
27,โรงพยาบาลแม่สอด,ตาก,ต่างจังหวัด,เขต 2,ภาครัฐ,NPS+TS,Pool Saliva,Pool NPS+TS
28,องค์การระหว่างประเทศเพื่อการโยกย้ายถิ่นฐาน สำนักงานแม่สอด,ตาก,ต่างจังหวัด,เขต 2,เอกชน,NPS+TS,,
29,โรงพยาบาลแม่สอด-ราม,ตาก,ต่างจังหวัด,เขต 2,เอกชน,NPS+TS,Pool Saliva,Pool NPS+TS
30,โรงพยาบาลอุ้มผาง,ตาก,ต่างจังหวัด,เขต 2,ภาครัฐ,NPS+TS,,
31,โรงพยาบาลอุตรดิตถ์,อุตรดิตถ์,ต่างจังหวัด,เขต 2,ภาครัฐ,NPS+TS,Pool Saliva,Pool NPS+TS
32,โรงพยาบาลพุทธชินราช,พิษณุโลก,ต่างจังหวัด,เขต 2,ภาครัฐ,NPS+TS,,
33,โรงพยาบาลมหาวิทยาลัยนเรศวร,พิษณุโลก,ต่างจังหวัด,เขต 2,ภาครัฐ,NPS+TS,,Pool NPS+TS
34,โรงพยาบาลพิษณุเวช,พิษณุโลก,ต่างจังหวัด,เขต 2,เอกชน,NPS+TS,,
35,โรงพยาบาลเพชรบูรณ์,เพชรบูรณ์,ต่างจังหวัด,เขต 2,ภาครัฐ,NPS+TS,Pool Saliva,Pool NPS+TS
36,โรงพยาบาลค่ายพิชัยดาบหัก,อุตรดิตถ์,ต่างจังหวัด,เขต 2,ภาครัฐ,NPS+TS,,Pool NPS+TS
37,โรงพยาบาลสุโขทัย,สุโขทัย,ต่างจังหวัด,เขต 2,ภาครัฐ,NPS+TS,Pool Saliva,Pool NPS+TS
38,โรงพยาบาลศรีสังวรสุโขทัย,สุโขทัย,ต่างจังหวัด,เขต 2,ภาครัฐ,NPS+TS,Pool Saliva,Pool NPS+TS
39,โรงพยาบาลสมเด็จพระเจ้าตากสินมหาราช,ตาก,ต่างจังหวัด,เขต 2,ภาครัฐ,NPS+TS,Pool Saliva,Pool NPS+TS
40,ศูนย์วิทยาศาสตร์การแพทย์ที่ 3 นครสวรรค์,นครสวรรค์,ต่างจังหวัด,เขต 3,ภาครัฐ,NPS+TS,Pool Saliva,Pool NPS+TS
41,โรงพยาบาลสวรรค์ประชารักษ์,นครสวรรค์,ต่างจังหวัด,เขต 3,ภาครัฐ,NPS+TS,Pool Saliva,Pool NPS+TS
42,โรงพยาบาลศรีสวรรค์,นครสวรรค์,ต่างจังหวัด,เขต 3,เอกชน,NPS+TS,,Pool NPS+TS
43,โรงพยาบาลกำแพงเพชร,กำแพงเพชร,ต่างจังหวัด,เขต 3,ภาครัฐ,NPS+TS,,
44,หน่วยวิจัยไวรัสวิทยากำแพงเพชร-สถาบันวิจัยวิทยาศาสตร์การแพทย์ทหาร (ฝ่ายสหรัฐ),กำแพงเพชร,ต่างจังหวัด,เขต 3,ภาครัฐ,NPS+TS,,Pool NPS+TS
45,โรงพยาบาลพิจิตร,พิจิตร,ต่างจังหวัด,เขต 3,ภาครัฐ,NPS+TS,,Pool NPS+TS
46,โรงพยาบาลอุทัยธานี,อุทัยธานี,ต่างจังหวัด,เขต 3,ภาครัฐ,NPS+TS,,
47,โรงพยาบาลชัยนาทนเรนทร,ชัยนาท,ต่างจังหวัด,เขต 3,ภาครัฐ,NPS+TS,Pool Saliva,Pool NPS+TS
48,ศูนย์วิทยาศาสตร์การแพทย์ที่ 4 สระบุรี,สระบุรี,ต่างจังหวัด,เขต 4,ภาครัฐ,NPS+TS,Pool Saliva,Pool NPS+TS
49,สำนักงานป้องกันควบคุมโรคที่ 4 สระบุรี,สระบุรี,ต่างจังหวัด,เขต 4,ภาครัฐ,NPS+TS,,Pool NPS+TS
50,โรงพยาบาลสระบุรี,สระบุรี,ต่างจังหวัด,เขต 4,ภาครัฐ,NPS+TS,Pool Saliva,Pool NPS+TS
51,โรงพยาบาลเกษมราษฎร์ สระบุรี,สระบุรี,ต่างจังหวัด,เขต 4,เอกชน,NPS+TS,Pool Saliva,Pool NPS+TS
52,คณะสหเวชศาสตร์ มหาวิทยาลัยธรรมศาสตร์,ปทุมธานี,กรุงเทพและปริมณฑล,เขต 4,ภาครัฐ,NPS+TS,,
53,ห้องปฏิบัติการเทคนิคการแพทย์ โรงพยาบาลธรรมศาสตร์เฉลิมพระเกียรติ,ปทุมธานี,กรุงเทพและปริมณฑล,เขต 4,ภาครัฐ,NPS+TS,Pool Saliva,Pool NPS+TS
54,โรงพยาบาลพระนั่งเกล้า,นนทบุรี,กรุงเทพและปริมณฑล,เขต 4,ภาครัฐ,NPS+TS,,
55,โรงพยาบาลบางกรวย,นนทบุรี,กรุงเทพและปริมณฑล,เขต 4,ภาครัฐ,NPS+TS,,Pool NPS+TS
56,สถาบันโรคทรวงอก,นนทบุรี,กรุงเทพและปริมณฑล,เขต 4,ภาครัฐ,NPS+TS,,
57,โรงพยาบาลนนทเวช,นนทบุรี,กรุงเทพและปริมณฑล,เขต 4,เอกชน,NPS+TS,,
58,โรงพยาบาลเกษมราษฎร์ อินเตอร์เนชั่นแนล รัตนาธิเบศร์,นนทบุรี,กรุงเทพและปริมณฑล,เขต 4,เอกชน,NPS+TS,Pool Saliva,Pool NPS+TS
59,โรงพยาบาลเกษมราษฎร์ รัตนาธิเบศร์,นนทบุรี,กรุงเทพและปริมณฑล,เขต 4,เอกชน,NPS+TS,Pool Saliva,Pool NPS+TS
60,โรงพยาบาลเวิลด์เมดิคอล,นนทบุรี,กรุงเทพและปริมณฑล,เขต 4,เอกชน,NPS+TS,Pool Saliva,Pool NPS+TS
61,ห้องปฏิบัติการ นิวเจน ลาบอราตอรี่ คลินิกเทคนิคการแพทย์,นนทบุรี,กรุงเทพและปริมณฑล,เขต 4,เอกชน,NPS+TS,,Pool NPS+TS
62,โรงพยาบาลปทุมธานี,ปทุมธานี,กรุงเทพและปริมณฑล,เขต 4,ภาครัฐ,NPS+TS,Pool Saliva,Pool NPS+TS
63,โรงพยาบาลการุญเวช ปทุมธานี,ปทุมธานี,กรุงเทพและปริมณฑล,เขต 4,เอกชน,NPS+TS,,Pool NPS+TS
64,ศูนย์การแพทย์สมเด็จพระเทพรัตนราชสุดาฯ สยามบรมราชกุมารี คณะแพทยศาสตร์ มหาวิทยาลัยศรีนครินทรวิโรฒ,นครนายก,ต่างจังหวัด,เขต 4,ภาครัฐ,NPS+TS,Pool Saliva,Pool NPS+TS
65,โรงพยาบาลพระนครศรีอยุธยา,อยุธยา,ต่างจังหวัด,เขต 4,ภาครัฐ,NPS+TS,,Pool NPS+TS
66,โรงพยาบาลราชธานี โรจนะ,อยุธยา,ต่างจังหวัด,เขต 4,เอกชน,NPS+TS,,Pool NPS+TS
67,โรงพยาบาลพระนารายณ์มหาราช,ลพบุรี,ต่างจังหวัด,เขต 4,ภาครัฐ,NPS+TS,,
68,โรงพยาบาลอ่างทอง,อ่างทอง,ต่างจังหวัด,เขต 4,ภาครัฐ,NPS+TS,,
69,ศูนย์วิทยาศาสตร์การแพทย์ที่ 5 สมุทรสงคราม,สมุทรสงคราม,ต่างจังหวัด,เขต 5,ภาครัฐ,NPS+TS,Pool Saliva,Pool NPS+TS
70,โรงพยาบาลนครปฐม,นครปฐม,ต่างจังหวัด,เขต 5,ภาครัฐ,NPS+TS,Pool Saliva,Pool NPS+TS
71,โรงพยาบาลเจ้าพระยายมราช สุพรรณบุรี,สุพรรณบุรี,ต่างจังหวัด,เขต 5,ภาครัฐ,NPS+TS,,Pool NPS+TS
72,โรงพยาบาลศุภมิตร สุพรรณบุรี,สุพรรณบุรี,ต่างจังหวัด,เขต 5,เอกชน,NPS+TS,Pool Saliva,Pool NPS+TS
73,โรงพยาบาลบ้านแพ้ว (องค์การมหาชน),สมุทรสาคร,กรุงเทพและปริมณฑล,เขต 5,ภาครัฐ,NPS+TS,,
74,โรงพยาบาลมหาชัย,สมุทรสาคร,กรุงเทพและปริมณฑล,เขต 5,เอกชน,NPS+TS,Pool Saliva,Pool NPS+TS
75,โรงพยาบาลหัวหิน,ประจวบคีรีขันธ์,ต่างจังหวัด,เขต 5,ภาครัฐ,NPS+TS,Pool Saliva,Pool NPS+TS
76,โรงพยาบาลสมุทรสาคร,สมุทรสาคร,กรุงเทพและปริมณฑล,เขต 5,ภาครัฐ,NPS+TS,Pool Saliva,
77,โรงพยาบาลวิชัยเวช อินเตอร์เนชั่นแนล (สมุทรสาคร),สมุทรสาคร,กรุงเทพและปริมณฑล,เขต 5,เอกชน,NPS+TS,Pool Saliva,Pool NPS+TS
78,โรงพยาบาลเอกชัย,สมุทรสาคร,กรุงเทพและปริมณฑล,เขต 5,เอกชน,NPS+TS,,Pool NPS+TS
79,สำนักงานป้องกันควบคุมโรคที่ 5 ราชบุรี,ราชบุรี,ต่างจังหวัด,เขต 5,ภาครัฐ,NPS+TS,,
80,โรงพยาบาลพหลพลพยุหเสนา,กาญจนบุรี,ต่างจังหวัด,เขต 5,ภาครัฐ,NPS+TS,,
81,โรงพยาบาลประจวบคีรีขันธ์,ประจวบคีรีขันธ์,ต่างจังหวัด,เขต 5,ภาครัฐ,NPS+TS,,Pool NPS+TS
82,โรงพยาบาลพระจอมเกล้า,เพชรบุรี,ต่างจังหวัด,เขต 5,ภาครัฐ,NPS+TS,Pool Saliva,Pool NPS+TS
83,โรงพยาบาลราชบุรี,ราชบุรี,ต่างจังหวัด,เขต 5,ภาครัฐ,NPS+TS,,
84,ศูนย์วิทยาศาสตร์การแพทย์ที่ 6 ชลบุรี,ชลบุรี,ต่างจังหวัด,เขต 6,ภาครัฐ,NPS+TS,Pool Saliva,Pool NPS+TS
85,สำนักงานป้องกันควบคุมโรคที่ 6 ชลบุรี,ชลบุรี,ต่างจังหวัด,เขต 6,ภาครัฐ,NPS+TS,Pool Saliva,Pool NPS+TS
86,โรงพยาบาลสมเด็จพระบรมราชเทวี ณ ศรีราชา,ชลบุรี,ต่างจังหวัด,เขต 6,ภาครัฐ,NPS+TS,,
87,โรงพยาบาลชลบุรี,ชลบุรี,ต่างจังหวัด,เขต 6,ภาครัฐ,NPS+TS,,Pool NPS+TS
88,โรงพยาบาลวิภาราม อมตะนคร,ชลบุรี,ต่างจังหวัด,เขต 6,เอกชน,NPS+TS,Pool Saliva,Pool NPS+TS
89,โรงพยาบาลสมุทรปราการ,สมุทรปราการ,กรุงเทพและปริมณฑล,เขต 6,ภาครัฐ,NPS+TS,Pool Saliva,Pool NPS+TS
90,โรงพยาบาลจุฬารัตน์ 3 อินเตอร์,สมุทรปราการ,กรุงเทพและปริมณฑล,เขต 6,เอกชน,NPS+TS,,
91,โรงพยาบาลพริ้นซ์ สุวรรณภูมิ,สมุทรปราการ,กรุงเทพและปริมณฑล,เขต 6,เอกชน,NPS+TS,,Pool NPS+TS
92,โรงพยาบาลบางนา 5,สมุทรปราการ,กรุงเทพและปริมณฑล,เขต 6,เอกชน,NPS+TS,,Pool NPS+TS
93,โรงพยาบาลสมเด็จพระยุพราชสระแก้ว,สระแก้ว,ต่างจังหวัด,เขต 6,ภาครัฐ,NPS+TS,Pool Saliva,Pool NPS+TS
94,โรงพยาบาลเกษมราษฎร์ อินเตอร์เนชั่นแนล อรัญประเทศ,สระแก้ว,ต่างจังหวัด,เขต 6,เอกชน,NPS+TS,Pool Saliva,Pool NPS+TS
95,โรงพยาบาลพระปกเกล้า,จันทบุรี,ต่างจังหวัด,เขต 6,ภาครัฐ,NPS+TS,Pool Saliva,Pool NPS+TS
96,โรงพยาบาลสิริเวช จันทบุรี,จันทบุรี,ต่างจังหวัด,เขต 6,เอกชน,NPS+TS,Pool Saliva,Pool NPS+TS
97,โรงพยาบาลพุทธโสธร,ฉะเชิงเทรา,ต่างจังหวัด,เขต 6,ภาครัฐ,NPS+TS,,Pool NPS+TS
98,โรงพยาบาลเกษมราษฎร์ ฉะเชิงเทรา,ฉะเชิงเทรา,ต่างจังหวัด,เขต 6,เอกชน,NPS+TS,Pool Saliva,Pool NPS+TS
99,โรงพยาบาลสมเด็จพระนางเจ้าสิริกิติ์ กรมแพทย์ทหารเรือ,ชลบุรี,ต่างจังหวัด,เขต 6,ภาครัฐ,NPS+TS,Pool Saliva,Pool NPS+TS
100,โรงพยาบาลระยอง,ระยอง,ต่างจังหวัด,เขต 6,ภาครัฐ,NPS+TS,Pool Saliva,Pool NPS+TS
101,โรงพยาบาลตราด,ตราด,ต่างจังหวัด,เขต 6,ภาครัฐ,NPS+TS,Pool Saliva,Pool NPS+TS
102,โรงพยาบาลเจ้าพระยาอภัยภูเบศร,ปราจีนบุรี,ต่างจังหวัด,เขต 6,ภาครัฐ,NPS+TS,Pool Saliva,Pool NPS+TS
103,บริษัท แล็บเฮาส์ (ชลบุรี) จำกัด,ชลบุรี,ต่างจังหวัด,เขต 6,เอกชน,NPS+TS,Pool Saliva,Pool NPS+TS
104,เนชั่นแนลเฮลท์แคร์ ซิสเท็มส์ คลินิกเทคนิคการแพทย์ สาขาระยอง,ระยอง,ต่างจังหวัด,เขต 6,เอกชน,NPS+TS,Pool Saliva,Pool NPS+TS
105,เนชั่นแนลเฮลท์แคร์ ซิสเท็มส์ คลินิกเทคนิคการแพทย์ สาขาพัทยา,ชลบุรี,ต่างจังหวัด,เขต 6,เอกชน,NPS+TS,Pool Saliva,Pool NPS+TS
106,ศูนย์วิทยาศาสตร์การแพทย์ที่ 7 ขอนแก่น,ขอนแก่น,ต่างจังหวัด,เขต 7,ภาครัฐ,NPS+TS,Pool Saliva,Pool NPS+TS
107,โรงพยาบาลศรีนครินทร์ มหาวิทยาลัยขอนแก่น,ขอนแก่น,ต่างจังหวัด,เขต 7,ภาครัฐ,NPS+TS,,Pool NPS+TS
108,โรงพยาบาลขอนแก่น,ขอนแก่น,ต่างจังหวัด,เขต 7,ภาครัฐ,NPS+TS,,Pool NPS+TS
109,โรงพยาบาลชุมแพ,ขอนแก่น,ต่างจังหวัด,เขต 7,ภาครัฐ,NPS+TS,Pool Saliva,Pool NPS+TS
110,โรงพยาบาลร้อยเอ็ด,ร้อยเอ็ด,ต่างจังหวัด,เขต 7,ภาครัฐ,NPS+TS,Pool Saliva,Pool NPS+TS
111,สำนักงานป้องกันควบคุมโรคที่ 7 ขอนแก่น,ขอนแก่น,ต่างจังหวัด,เขต 7,ภาครัฐ,NPS+TS,Pool Saliva,Pool NPS+TS
112,โรงพยาบาลสุทธาเวช คณะแพทยศาสตร์ มหาวิทยาลัยมหาสารคาม,มหาสารคาม,ต่างจังหวัด,เขต 7,ภาครัฐ,NPS+TS,Pool Saliva,Pool NPS+TS
113,โรงพยาบาลกาฬสินธุ์,กาฬสินธุ์,ต่างจังหวัด,เขต 7,ภาครัฐ,NPS+TS,Pool Saliva,Pool NPS+TS
114,โรงพยาบาลมหาสารคาม,มหาสารคาม,ต่างจังหวัด,เขต 7,ภาครัฐ,NPS+TS,Pool Saliva,Pool NPS+TS
115,โรงพยาบาลขอนแก่นราม,ขอนแก่น,ต่างจังหวัด,เขต 7,เอกชน,NPS+TS,Pool Saliva,Pool NPS+TS
116,ศูนย์วิทยาศาสตร์การแพทย์ที่ 8 อุดรธานี,อุดรธานี,ต่างจังหวัด,เขต 8,ภาครัฐ,NPS+TS,Pool Saliva,Pool NPS+TS
117,โรงพยาบาลอุดรธานี,อุดรธานี,ต่างจังหวัด,เขต 8,ภาครัฐ,NPS+TS,Pool Saliva,Pool NPS+TS
118,โรงพยาบาลเลย,เลย,ต่างจังหวัด,เขต 8,ภาครัฐ,NPS+TS,,
119,โรงพยาบาลหนองบัวลำภู,หนองบัวลำภู,ต่างจังหวัด,เขต 8,ภาครัฐ,NPS+TS,Pool Saliva,Pool NPS+TS
120,โรงพยาบาลหนองคาย,หนองคาย,ต่างจังหวัด,เขต 8,ภาครัฐ,NPS+TS,Pool Saliva,Pool NPS+TS
121,โรงพยาบาลสกลนคร,สกลนคร,ต่างจังหวัด,เขต 8,ภาครัฐ,NPS+TS,Pool Saliva,Pool NPS+TS
122,โรงพยาบาลสมเด็จพระยุพราชสว่างแดนดิน,สกลนคร,ต่างจังหวัด,เขต 8,ภาครัฐ,NPS+TS,Pool Saliva,Pool NPS+TS
123,โรงพยาบาลนครพนม,นครพนม,ต่างจังหวัด,เขต 8,ภาครัฐ,NPS+TS,Pool Saliva,Pool NPS+TS
124,โรงพยาบาลบึงกาฬ,บึงกาฬ,ต่างจังหวัด,เขต 8,ภาครัฐ,NPS+TS,Pool Saliva,Pool NPS+TS
125,ศูนย์วิทยาศาสตร์การแพทย์ที่ 9 นครราชสีมา,นครราชสีมา,ต่างจังหวัด,เขต 9,ภาครัฐ,NPS+TS,Pool Saliva,Pool NPS+TS
126,โรงพยาบาลมหาราชนครราชสีมา,นครราชสีมา,ต่างจังหวัด,เขต 9,ภาครัฐ,NPS+TS,,Pool NPS+TS
127,โรงพยาบาลมหาวิทยาลัยเทคโนโลยีสุรนารี,นครราชสีมา,ต่างจังหวัด,เขต 9,ภาครัฐ,NPS+TS,Pool Saliva,Pool NPS+TS
128,โรงพยาบาลสุรินทร์,สุรินทร์,ต่างจังหวัด,เขต 9,ภาครัฐ,NPS+TS,Pool Saliva,
129,โรงพยาบาลชัยภูมิ,ชัยภูมิ,ต่างจังหวัด,เขต 9,ภาครัฐ,NPS+TS,Pool Saliva,
130,โรงพยาบาลภูเขียวเฉลิมพระเกียรติ,ชัยภูมิ,ต่างจังหวัด,เขต 9,ภาครัฐ,NPS+TS,,Pool NPS+TS
131,โรงพยาบาลบุรีรัมย์,บุรีรัมย์,ต่างจังหวัด,เขต 9,ภาครัฐ,NPS+TS,,Pool NPS+TS
132,โรงพยาบาลเทพรัตน์นครราชสีมา,นครราชสีมา,ต่างจังหวัด,เขต 9,ภาครัฐ,NPS+TS,,
133,โรงพยาบาลปากช่องนานา,นครราชสีมา,ต่างจังหวัด,เขต 9,ภาครัฐ,NPS+TS,,Pool NPS+TS
134,สำนักงานป้องกันควบคุมโรคที่ 9 นครราชสีมา,นครราชสีมา,ต่างจังหวัด,เขต 9,ภาครัฐ,NPS+TS,,Pool NPS+TS
135,ศูนย์วิทยาศาสตร์การแพทย์ที่ 10 อุบลราชธานี,อุบลราชธานี,ต่างจังหวัด,เขต 10,ภาครัฐ,NPS+TS,Pool Saliva,Pool NPS+TS
136,สำนักงานป้องกันควบคุมโรคที่ 10 อุบลราชธานี,อุบลราชธานี,ต่างจังหวัด,เขต 10,ภาครัฐ,NPS+TS,,
137,โรงพยาบาลราชเวชอุบลราชธานี,อุบลราชธานี,ต่างจังหวัด,เขต 10,เอกชน,NPS+TS,,
138,โรงพยาบาลมหาวิทยาลัยอุบลราชธานี,อุบลราชธานี,ต่างจังหวัด,เขต 10,ภาครัฐ,NPS+TS,,
139,โรงพยาบาลศรีสะเกษ,ศรีสะเกษ,ต่างจังหวัด,เขต 10,ภาครัฐ,NPS+TS,,Pool NPS+TS
140,โรงพยาบาลสรรพสิทธิประสงค์,อุบลราชธานี,ต่างจังหวัด,เขต 10,ภาครัฐ,NPS+TS,,Pool NPS+TS
141,โรงพยาบาลมุกดาหาร,มุกดาหาร,ต่างจังหวัด,เขต 10,ภาครัฐ,NPS+TS,Pool Saliva,Pool NPS+TS
142,โรงพยาบาลยโสธร,ยโสธร,ต่างจังหวัด,เขต 10,ภาครัฐ,NPS+TS,,
143,โรงพยาบาลอำนาจเจริญ,อำนาจเจริญ,ต่างจังหวัด,เขต 10,ภาครัฐ,NPS+TS,,
144,ศูนย์วิทยาศาสตร์การแพทย์ที่ 11 สุราษฎร์ธานี,สุราษฎร์ธานี,ต่างจังหวัด,เขต 11,ภาครัฐ,NPS+TS,Pool Saliva,Pool NPS+TS
145,ศูนย์วิทยาศาสตร์การแพทย์ที่ 11/1 ภูเก็ต,ภูเก็ต,ต่างจังหวัด,เขต 11,ภาครัฐ,NPS+TS,Pool Saliva,Pool NPS+TS
146,โรงพยาบาลสุราษฏร์ธานี,สุราษฎร์ธานี,ต่างจังหวัด,เขต 11,ภาครัฐ,NPS+TS,Pool Saliva,Pool NPS+TS
147,โรงพยาบาลเกาะสมุย,สุราษฎร์ธานี,ต่างจังหวัด,เขต 11,ภาครัฐ,NPS+TS,Pool Saliva,Pool NPS+TS
148,บริษัท ไบโอ โมเลกุลาร์ แลบอราทอรีส์ (ประเทศไทย) สาขาโรงพยาบาลกรุงเทพสิริโรจน์,ภูเก็ต,ต่างจังหวัด,เขต 11,เอกชน,NPS+TS,Pool Saliva,Pool NPS+TS
149,โรงพยาบาลมหาราช นครศรีธรรมราช,นครศรีธรรมราช,ต่างจังหวัด,เขต 11,ภาครัฐ,NPS+TS,Pool Saliva,
150,โรงพยาบาลสิชล,นครศรีธรรมราช,ต่างจังหวัด,เขต 11,ภาครัฐ,NPS+TS,Pool Saliva,Pool NPS+TS
151,โรงพยาบาลทักษิณ,สุราษฎร์ธานี,ต่างจังหวัด,เขต 11,เอกชน,NPS+TS,,
152,โรงพยาบาลวชิระ ภูเก็ต,ภูเก็ต,ต่างจังหวัด,เขต 11,ภาครัฐ,NPS+TS,Pool Saliva,Pool NPS+TS
153,โรงพยาบาลกระบี่,กระบี่,ต่างจังหวัด,เขต 11,ภาครัฐ,NPS+TS,Pool Saliva,Pool NPS+TS
154,โรงพยาบาลระนอง,ระนอง,ต่างจังหวัด,เขต 11,ภาครัฐ,NPS+TS,Pool Saliva,Pool NPS+TS
155,โรงพยาบาลชุมพรเขตรอุดมศักดิ์,ชุมพร,ต่างจังหวัด,เขต 11,ภาครัฐ,NPS+TS,Pool Saliva,Pool NPS+TS
156,โรงพยาบาลพังงา,พังงา,ต่างจังหวัด,เขต 11,ภาครัฐ,NPS+TS,Pool Saliva,Pool NPS+TS
157,โรงพยาบาลตะกั่วป่า,พังงา,ต่างจังหวัด,เขต 11,ภาครัฐ,NPS+TS,Pool Saliva,Pool NPS+TS
158,สำนักงานป้องกันควบคุมโรคที่ 11 นครศรีธรรมราช,นครศรีธรรมราช,ต่างจังหวัด,เขต 11,ภาครัฐ,NPS+TS,Pool Saliva,Pool NPS+TS
159,ศูนย์วิทยาศาสตร์การแพทย์ที่ 12 สงขลา,สงขลา,ต่างจังหวัด,เขต 12,ภาครัฐ,NPS+TS,Pool Saliva,Pool NPS+TS
160,ศูนย์วิทยาศาสตร์การแพทย์ที่ 12/1 ตรัง,ตรัง,ต่างจังหวัด,เขต 12,ภาครัฐ,NPS+TS,Pool Saliva,Pool NPS+TS
161,สำนักงานป้องกันควบคุมโรคที่ 12 จังหวัดสงขลา,สงขลา,ต่างจังหวัด,เขต 12,ภาครัฐ,NPS+TS,,
162,คณะแพทยศาสตร์ มหาวิทยาลัยสงขลานครินทร์,สงขลา,ต่างจังหวัด,เขต 12,ภาครัฐ,NPS+TS,,Pool NPS+TS
163,โรงพยาบาลยะลา,ยะลา,ต่างจังหวัด,เขต 12,ภาครัฐ,NPS+TS,Pool Saliva,Pool NPS+TS
164,โรงพยาบาลสิโรรส ยะลา,ยะลา,ต่างจังหวัด,เขต 12,เอกชน,NPS+TS,,
165,ห้องปฏิบัติการชันสูตรวัณโรค ศูนย์วัณโรคที่ 12 ยะลา,ยะลา,ต่างจังหวัด,เขต 12,ภาครัฐ,NPS+TS,,
166,โรงพยาบาลหาดใหญ่,สงขลา,ต่างจังหวัด,เขต 12,ภาครัฐ,NPS+TS,Pool Saliva,Pool NPS+TS
167,เนชั่นแนล เฮลท์แคร์ ซิสเท็มส์ คลินิกเทคนิคการแพทย์ สาขาหาดใหญ่,สงขลา,ต่างจังหวัด,เขต 12,เอกชน,NPS+TS,Pool Saliva,Pool NPS+TS
168,โรงพยาบาลนราธิวาสราชนครินทร์,นราธิวาส,ต่างจังหวัด,เขต 12,ภาครัฐ,NPS+TS,Pool Saliva,
169,โรงพยาบาลปัตตานี,ปัตตานี,ต่างจังหวัด,เขต 12,ภาครัฐ,NPS+TS,Pool Saliva,Pool NPS+TS
170,โรงพยาบาลตรัง,ตรัง,ต่างจังหวัด,เขต 12,ภาครัฐ,NPS+TS,,Pool NPS+TS
171,โรงพยาบาลสตูล,สตูล,ต่างจังหวัด,เขต 12,ภาครัฐ,NPS+TS,,
172,โรงพยาบาลพัทลุง,พัทลุง,ต่างจังหวัด,เขต 12,ภาครัฐ,NPS+TS,Pool Saliva,Pool NPS+TS
173,หน่วยกามโรคและโรคเอดส์ที่ 12.1 อำเภอหาดใหญ่,สงขลา,ต่างจังหวัด,เขต 12,ภาครัฐ,NPS+TS,Pool Saliva,Pool NPS+TS
174,กรมวิทยาศาสตร์การแพทย์ สถาบันวิจัยวิทยาศาสตร์สาธารณสุข,นนทบุรี,กรุงเทพและปริมณฑล,แล็บอ้างอิง,ภาครัฐ,NPS+TS,Pool Saliva,Pool NPS+TS
175,ศูนย์วิทยาศาสตร์สุขภาพโรคติดต่ออุบัติใหม่ สภากาชาดไทย,กรุงเทพมหานคร,กรุงเทพและปริมณฑล,แล็บอ้างอิง,ภาครัฐ,NPS+TS,,Pool NPS+TS
176,คณะแพทยศาสตร์ ศิริราชพยาบาล,กรุงเทพมหานคร,กรุงเทพและปริมณฑล,เขต 13,ภาครัฐ,NPS+TS,Pool Saliva,
177,คณะแพทยศาสตร์ โรงพยาบาลรามาธิบดี,กรุงเทพมหานคร,กรุงเทพและปริมณฑล,เขต 13,ภาครัฐ,NPS+TS,Pool Saliva,Pool NPS+TS
178,คณะแพทยศาสตร์จุฬาลงกรณ์มหาวิทยาลัย,กรุงเทพมหานคร,กรุงเทพและปริมณฑล,เขต 13,ภาครัฐ,NPS+TS,Pool Saliva,Pool NPS+TS
179,คณะสหเวชศาสตร์ จุฬาลงกรณ์มหาวิทยาลัย,กรุงเทพมหานคร,กรุงเทพและปริมณฑล,เขต 13,ภาครัฐ,NPS+TS,,
180,โรงพยาบาลราชวิถี,กรุงเทพมหานคร,กรุงเทพและปริมณฑล,เขต 13,ภาครัฐ,NPS+TS,,
181,สถาบันบำราศนราดูร,นนทบุรี,กรุงเทพและปริมณฑล,เขต 4,ภาครัฐ,NPS+TS,Pool Saliva,
182,คณะเวชศาสตร์เขตร้อน มหาวิทยาลัยมหิดล,กรุงเทพมหานคร,กรุงเทพและปริมณฑล,เขต 13,ภาครัฐ,NPS+TS,Pool Saliva,Pool NPS+TS
183,สถาบันวิจัยวิทยาศาสตร์การแพทย์ทหาร (ฝ่ายไทย),กรุงเทพมหานคร,กรุงเทพและปริมณฑล,เขต 13,ภาครัฐ,NPS+TS,,
184,สถาบันวิจัยวิทยาศาสตร์การแพทย์ทหาร (ฝ่ายสหรัฐอเมริกา),กรุงเทพมหานคร,กรุงเทพและปริมณฑล,เขต 13,ภาครัฐ,NPS+TS,Pool Saliva,Pool NPS+TS
185,สถาบันวิจัยวิทยาศาสตร์การแพทย์ทหาร (ฝ่ายสหรัฐอเมริกา) แผนกเรโทรไวโรโลยี,กรุงเทพมหานคร,กรุงเทพและปริมณฑล,เขต 13,ภาครัฐ,NPS+TS,,Pool NPS+TS
186,คณะแพทยศาสตร์ วชิรพยาบาล,กรุงเทพมหานคร,กรุงเทพและปริมณฑล,เขต 13,ภาครัฐ,NPS+TS,Pool Saliva,Pool NPS+TS
187,คณะเทคนิคการแพทย์ มหาวิทยาลัยมหิดล,กรุงเทพมหานคร,กรุงเทพและปริมณฑล,เขต 13,ภาครัฐ,NPS+TS,,Pool NPS+TS
188,สถาบันป้องกันควบคุมโรคเขตเมือง,กรุงเทพมหานคร,กรุงเทพและปริมณฑล,เขต 13,ภาครัฐ,NPS+TS,,
189,โรงพยาบาลภูมิพลอดุลยเดช,กรุงเทพมหานคร,กรุงเทพและปริมณฑล,เขต 13,ภาครัฐ,NPS+TS,,Pool NPS+TS
190,โรงพยาบาลพระมงกุฎเกล้า,กรุงเทพมหานคร,กรุงเทพและปริมณฑล,เขต 13,ภาครัฐ,NPS+TS,Pool Saliva,Pool NPS+TS
191,สถาบันสุขภาพเด็กแห่งชาติมหาราชินี,กรุงเทพมหานคร,กรุงเทพและปริมณฑล,เขต 13,ภาครัฐ,NPS+TS,,
192,โรงพยาบาลบำรุงราษฎร์,กรุงเทพมหานคร,กรุงเทพและปริมณฑล,เขต 13,เอกชน,NPS+TS,Pool Saliva,
193,บริษัท ไบโอ โมเลกุลาร์ แลบอราทอรีส์ (ในนามกลุ่มโรงพยาบาลกรุงเทพ สมิติเวช บีเอ็นเอช พญาไท และเปาโล เมโมเรียล),กรุงเทพมหานคร,กรุงเทพและปริมณฑล,เขต 13,เอกชน,NPS+TS,Pool Saliva,Pool NPS+TS
194,คลินิกเทคนิคการแพทย์ รามคำแหง,กรุงเทพมหานคร,กรุงเทพและปริมณฑล,เขต 13,เอกชน,NPS+TS,Pool Saliva,Pool NPS+TS
195,หวนจียีนเทคโนโลยี คลินิกเทคนิคการแพทย์,กรุงเทพมหานคร,กรุงเทพและปริมณฑล,เขต 13,เอกชน,NPS+TS,,Pool NPS+TS
196,บริษัท โปรเฟสชั่นแนล ลาโบราทอรี่ แมเนจเมนท์ จำกัด,กรุงเทพมหานคร,กรุงเทพและปริมณฑล,เขต 13,เอกชน,NPS+TS,Pool Saliva,Pool NPS+TS
197,โรงพยาบาลบางปะกอก 9 อินเตอร์เนชั่นแนล,กรุงเทพมหานคร,กรุงเทพและปริมณฑล,เขต 13,เอกชน,NPS+TS,,Pool NPS+TS
198,โรงพยาบาลเวชธานี,กรุงเทพมหานคร,กรุงเทพและปริมณฑล,เขต 13,เอกชน,NPS+TS,,
199,บริษัท พีซีที ลาบอราทอรี่ส์ เซอร์วิส จำกัด,กรุงเทพมหานคร,กรุงเทพและปริมณฑล,เขต 13,เอกชน,NPS+TS,Pool Saliva,Pool NPS+TS
200,โรงพยาบาลพระรามเก้า,กรุงเทพมหานคร,กรุงเทพและปริมณฑล,เขต 13,เอกชน,NPS+TS,,
201,โรงพยาบาลนครธน,กรุงเทพมหานคร,กรุงเทพและปริมณฑล,เขต 13,เอกชน,NPS+TS,,Pool NPS+TS
202,บริษัท ศูนย์ห้องปฏิบัติการและวิจัยทางการแพทย์แห่งเอเชีย จำกัด (โรงพยาบาลลาดพร้าว),กรุงเทพมหานคร,กรุงเทพและปริมณฑล,เขต 13,เอกชน,NPS+TS,Pool Saliva,Pool NPS+TS
203,โรงพยาบาลเปาโลเกษตร,กรุงเทพมหานคร,กรุงเทพและปริมณฑล,เขต 13,เอกชน,NPS+TS,,
204,โรงพยาบาลสินแพทย์,กรุงเทพมหานคร,กรุงเทพและปริมณฑล,เขต 13,เอกชน,NPS+TS,,
205,โรงพยาบาลเปาโลพหลโยธิน,กรุงเทพมหานคร,กรุงเทพและปริมณฑล,เขต 13,เอกชน,NPS+TS,,
206,โรงพยาบาลมงกุฎวัฒนะ,กรุงเทพมหานคร,กรุงเทพและปริมณฑล,เขต 13,เอกชน,NPS+TS,,Pool NPS+TS
207,คลินิกเทคนิคการแพทย์แบงคอกจีโนมิกส์,กรุงเทพมหานคร,กรุงเทพและปริมณฑล,เขต 13,เอกชน,NPS+TS,Pool Saliva,Pool NPS+TS
208,บริษัท แอท-ยีนส์ จำกัด,กรุงเทพมหานคร,กรุงเทพและปริมณฑล,เขต 13,เอกชน,NPS+TS,Pool Saliva,Pool NPS+TS
209,ห้องปฏิบัติการหน่วยคุ้มครองสุขภาพโลก ศูนย์ความร่วมมือไทย-สหรัฐด้านสาธารณสุข,นนทบุรี,กรุงเทพและปริมณฑล,เขต 4,ภาครัฐ,NPS+TS,Pool Saliva,Pool NPS+TS
210,โรงพยาบาลสมเด็จพระปิ่นเกล้า,กรุงเทพมหานคร,กรุงเทพและปริมณฑล,เขต 13,ภาครัฐ,NPS+TS,Pool Saliva,Pool NPS+TS
211,สถาบันนิติวิทยาศาสตร์,กรุงเทพมหานคร,กรุงเทพและปริมณฑล,เขต 13,ภาครัฐ,NPS+TS,,
212,โรงพยาบาลตำรวจ,กรุงเทพมหานคร,กรุงเทพและปริมณฑล,เขต 13,ภาครัฐ,NPS+TS,,
213,โรงพยาบาลนพรัตนราชธานี,กรุงเทพมหานคร,กรุงเทพและปริมณฑล,เขต 13,ภาครัฐ,NPS+TS,Pool Saliva,Pool NPS+TS
214,ห้องปฏิบัติการกลางเพื่อการวิจัย วิทยาลัยวิทยาศาสตร์การแพทย์เจ้าฟ้าจุฬาภรณ์ ราชวิทยาลัยจุฬาภรณ์,กรุงเทพมหานคร,กรุงเทพและปริมณฑล,เขต 13,ภาครัฐ,NPS+TS,,
215,โรงพยาบาลสุขุมวิท,กรุงเทพมหานคร,กรุงเทพและปริมณฑล,เขต 13,เอกชน,NPS+TS,Pool Saliva,Pool NPS+TS
216,คลินิคเทคนิคการแพทย์ โปรแล็บ วิภาวดี,กรุงเทพมหานคร,กรุงเทพและปริมณฑล,เขต 13,เอกชน,NPS+TS,Pool Saliva,
217,โรงพยาบาลเกษมราษฎร์ รามคำแหง,กรุงเทพมหานคร,กรุงเทพและปริมณฑล,เขต 13,เอกชน,NPS+TS,Pool Saliva,Pool NPS+TS
218,โรงพยาบาลเสรีรักษ์,กรุงเทพมหานคร,กรุงเทพและปริมณฑล,เขต 13,เอกชน,NPS+TS,Pool Saliva,Pool NPS+TS
219,โรงพยาบาลเจ้าพระยา,กรุงเทพมหานคร,กรุงเทพและปริมณฑล,เขต 13,เอกชน,NPS+TS,,
220,โรงพยาบาลเกษมราษฎร์ ประชาชื่น,กรุงเทพมหานคร,กรุงเทพและปริมณฑล,เขต 13,เอกชน,NPS+TS,Pool Saliva,Pool NPS+TS
221,โรงพยาบาลวิภาวดี,กรุงเทพมหานคร,กรุงเทพและปริมณฑล,เขต 13,เอกชน,NPS+TS,,
222,โรงพยาบาลรามคำแหง,กรุงเทพมหานคร,กรุงเทพและปริมณฑล,เขต 13,เอกชน,NPS+TS,Pool Saliva,Pool NPS+TS
223,โรงพยาบาลเกษมราษฎร์ บางแค,กรุงเทพมหานคร,กรุงเทพและปริมณฑล,เขต 13,เอกชน,NPS+TS,Pool Saliva,Pool NPS+TS
224,บริษัท ศูนย์แลบธนบุรี จำกัด,กรุงเทพมหานคร,กรุงเทพและปริมณฑล,เขต 13,เอกชน,NPS+TS,,
225,บริษัทเอ็มบริโอ แพลนแนท จำกัด (สยามเฟอร์ทิลิตี้ คลินิก),กรุงเทพมหานคร,กรุงเทพและปริมณฑล,เขต 13,เอกชน,NPS+TS,Pool Saliva,Pool NPS+TS
226,โรงพยาบาลซีจีเอช โรงพยาบาลทั่วไปขนาดใหญ่,กรุงเทพมหานคร,กรุงเทพและปริมณฑล,เขต 13,เอกชน,NPS+TS,,Pool NPS+TS
227,บริษัท เมดิคอลไลน์แล็บ จำกัด,กรุงเทพมหานคร,กรุงเทพและปริมณฑล,เขต 13,เอกชน,NPS+TS,Pool Saliva,Pool NPS+TS
228,บริษัท กรุงเทพ อาร์ไอเอ แล็บ จำกัด,กรุงเทพมหานคร,กรุงเทพและปริมณฑล,เขต 13,เอกชน,NPS+TS,Pool Saliva,Pool NPS+TS
229,โรงพยาบาลตากสิน,กรุงเทพมหานคร,กรุงเทพและปริมณฑล,เขต 13,ภาครัฐ,NPS+TS,Pool Saliva,Pool NPS+TS
230,โรงพยาบาลเจริญกรุงประชารักษ์,กรุงเทพมหานคร,กรุงเทพและปริมณฑล,เขต 13,ภาครัฐ,NPS+TS,Pool Saliva,Pool NPS+TS
231,ห้องปฏิบัติการกลางและธนาคารเลือด โรงพยาบาลจุฬาภรณ์,กรุงเทพมหานคร,กรุงเทพและปริมณฑล,เขต 13,ภาครัฐ,NPS+TS,,
232,โรงพยาบาลกรุงเทพคริสเตียน,กรุงเทพมหานคร,กรุงเทพและปริมณฑล,เขต 13,เอกชน,NPS+TS,,
233,กลุ่มปฏิบัติการอ้างอิงชันสูตรวัณโรคแห่งชาติ กองวัณโรค กรมควบคุมโรค,กรุงเทพมหานคร,กรุงเทพและปริมณฑล,เขต 13,ภาครัฐ,NPS+TS,,
234,โรงพยาบาลสหวิทยาการมะลิ,กรุงเทพมหานคร,กรุงเทพและปริมณฑล,เขต 13,เอกชน,NPS+TS,Pool Saliva,Pool NPS+TS
235,โรงพยาบาลศิครินทร์,กรุงเทพมหานคร,กรุงเทพและปริมณฑล,เขต 13,เอกชน,NPS+TS,,
236,โรงพยาบาลกลาง,กรุงเทพมหานคร,กรุงเทพและปริมณฑล,เขต 13,ภาครัฐ,NPS+TS,Pool Saliva,Pool NPS+TS
237,"องค์การระหว่างประเทศเพื่อการโยกย้ายถิ่นฐาน สาขากรุงเทพมหานคร (International Organization for Migration, IOM)",กรุงเทพมหานคร,กรุงเทพและปริมณฑล,เขต 13,เอกชน,NPS+TS,,
238,โรงพยาบาลวิภาราม,กรุงเทพมหานคร,กรุงเทพและปริมณฑล,เขต 13,เอกชน,NPS+TS,Pool Saliva,Pool NPS+TS
239,โรงพยาบาลเมดพาร์ค,กรุงเทพมหานคร,กรุงเทพและปริมณฑล,เขต 13,เอกชน,NPS+TS,,Pool NPS+TS
240,MIC Lab (บริษัทเมดิคอล อินโนเวชัน เซ็นเตอร์ จำกัด),กรุงเทพมหานคร,กรุงเทพและปริมณฑล,เขต 13,เอกชน,NPS+TS,,Pool NPS+TS
241,โรงพยาบาลปิยะเวท,กรุงเทพมหานคร,กรุงเทพและปริมณฑล,เขต 13,เอกชน,NPS+TS,,
242,โรงพยาบาลพญาไท นวมินทร์,กรุงเทพมหานคร,กรุงเทพและปริมณฑล,เขต 13,เอกชน,NPS+TS,,
243,บริษัทเนชั่นแนล เฮลท์แคร์ซิสเท็มส์ จำกัด สาขาโรงพยาบาลพญาไท 2,กรุงเทพมหานคร,กรุงเทพและปริมณฑล,เขต 13,เอกชน,NPS+TS,,
244,โรงพยาบาลมิชชั่นภูเก็ต,ภูเก็ต,ต่างจังหวัด,เขต 11,เอกชน,NPS+TS,,
245,สำนักงานป้องกันควบคุมโรคที่ 3 นครสวรรค์,นครสวรรค์,ต่างจังหวัด,เขต 3,ภาครัฐ,NPS+TS,,Pool NPS+TS
246,บริษัทเนชั่นแนล เฮลท์แคร์ ซิสเท็มส์ จํากัด สาขาโรงพยาบาลกรุงเทพอุดร,อุดรธานี,ต่างจังหวัด,เขต 8,เอกชน,NPS+TS,,
247,โรงพยาบาลสิงห์บุรี,สิงห์บุรี,ต่างจังหวัด,เขต 4,ภาครัฐ,NPS+TS,,Pool NPS+TS
248,โรงพยาบาลท่าสองยาง,ตาก,ต่างจังหวัด,เขต 2,ภาครัฐ,NPS+TS,,
249,โรงพยาบาลบางละมุง,ชลบุรี,ต่างจังหวัด,เขต 6,ภาครัฐ,NPS+TS,,
250,โรงพยาบาลจุฬารัตน์ 9 แอร์พอร์ต,สมุทรปราการ,กรุงเทพและปริมณฑล,เขต 6,เอกชน,NPS+TS,,
251,ศูนย์สุขภาพออคซิแคร์ สหคลินิก,ชลบุรี,ต่างจังหวัด,เขต 6,เอกชน,NPS+TS,Pool Saliva,
252,โรงพยาบาลไทยนครินทร์,กรุงเทพมหานคร,กรุงเทพและปริมณฑล,เขต 13,เอกชน,NPS+TS,Pool Saliva,Pool NPS+TS
253,โรงพยาบาลเจษฎา,สมุทรสาคร,กรุงเทพและปริมณฑล,เขต 5,เอกชน,NPS+TS,,
254,บริษัทเนชั่นแนล เฮลท์แคร์ซิสเท็มส์ จำกัด สาขาโรงพยาบาลเปาโล โชคชัย 4,กรุงเทพมหานคร,กรุงเทพและปริมณฑล,เขต 13,เอกชน,NPS+TS,,
255,โรงพยาบาลเมืองเลย ราม,เลย,ต่างจังหวัด,เขต 8,เอกชน,NPS+TS,,
256,โรงพยาบาลโพธิ์ทอง,อ่างทอง,ต่างจังหวัด,เขต 4,ภาครัฐ,NPS+TS,,
257,โรงพยาบาลกระทุ่มแบน,สมุทรสาคร,กรุงเทพและปริมณฑล,เขต 5,ภาครัฐ,NPS+TS,,
258,โรงพยาบาลพบพระ,ตาก,ต่างจังหวัด,เขต 2,ภาครัฐ,NPS+TS,,
259,โรงพยาบาลแม่ระมาด,"ตาก	",ต่างจังหวัด,เขต 2,ภาครัฐ,NPS+TS,,
260,โรงพยาบาลสมเด็จพระพุทธเลิศหล้า,"สมุทรสงคราม		",ต่างจังหวัด,เขต 5,ภาครัฐ,NPS+TS,,
261,โรงพยาบาลจุฬารัตน์ระยอง,ระยอง,ต่างจังหวัด,เขต 6,เอกชน,NPS+TS,,
262,โรงพยาบาลนวมินทร์ 9,กรุงเทพมหานคร,กรุงเทพและปริมณฑล,เขต 13,เอกชน,NPS+TS,,
263,ทัณฑสถานโรงพยาบาลราชทัณฑ์,กรุงเทพมหานคร,กรุงเทพและปริมณฑล,เขต 13,ภาครัฐ,NPS+TS,,Pool NPS+TS
264,ภาควิชาภูมิคุ้มกัน คณะแพทยศาสตร์ ศิริราชพยาบาล,กรุงเทพมหานคร,กรุงเทพและปริมณฑล,เขต 13,ภาครัฐ,NPS+TS,Pool Saliva,
265,โรงพยาบาลเอเซีย,นนทบุรี,กรุงเทพและปริมณฑล,เขต 4,เอกชน,NPS+TS,Pool Saliva,
266,บริษัทเอเชีย แล็บบอราทอรี่ เซ็นเตอร์ จำกัด,สมุทรปราการ,กรุงเทพและปริมณฑล,เขต 6,เอกชน,NPS+TS,,
267,โรงพยาบาลรามาธิบดีจักรีนฤบดินทร์,สมุทรปราการ,กรุงเทพและปริมณฑล,เขต 6,ภาครัฐ,NPS+TS,Pool Saliva,
268,สถาบันราชประชาสมาสัย,สมุทรปรากร,กรุงเทพและปริมณฑล,เขต 6,ภาครัฐ,NPS+TS,,
269,โรงพยาบาลนครแม่สอด อินเตอร์เนชั่นแนล,ตาก,ต่างจังหวัด,เขต 2,เอกชน,NPS+TS,,
270,บริษัท เนชั่นแนล เฮลท์แคร์ ซิสเท็มส์ จำกัด สาขาโรงพยาบาลกรุงเทพสุราษฎร์,สุราษฎร์ธานี,ต่างจังหวัด,เขต 11,เอกชน,NPS+TS,,
271,เนชั่นแนล เฮลท์แคร์ ซิสเท็มส์ คลินิกเทคนิคการแพทย์สาขานครศรีธรรมราช,นครศรีธรรมราช,ต่างจังหวัด,เขต 11,เอกชน,NPS+TS,Pool Saliva,Pool NPS+TS
272,โรงพยาบาลหัวเฉียว,กรุงเทพมหานคร,กรุงเทพและปริมณฑล,เขต 13,เอกชน,NPS+TS,,
273,โรงพยาบาลนครนายก,นครนายก,ต่างจังหวัด,เขต 4,ภาครัฐ,NPS+TS,,
274,บริษัท ภัทร แล็บ จำกัด (โรงพยาบาล ภัทร ธนบุรี),ปทุมธานี,กรุงเทพและปริมณฑล,เขต 4,เอกชน,NPS+TS,,
275,โรงพยาบาลเมืองสมุทรปากน้ำ,สมุทรปราการ,กรุงเทพและปริมณฑล,เขต 6,เอกชน,NPS+TS,,Pool NPS+TS
276,โรงพยาบาลเอกชล 2,ชลบุรี,ต่างจังหวัด,เขต 6,เอกชน,NPS+TS,,
277,บริษัท เอซีซี เมดิคอล แล็บ จำกัด,กรุงเทพมหานคร,กรุงเทพและปริมณฑล,เขต 13,เอกชน,NPS+TS,,
278, โรงพยาบาลวิชัยเวช อินเตอร์เนชั่นแนล หนองแขม,กรุงเทพมหานคร,กรุงเทพและปริมณฑล,เขต 13,เอกชน,NPS+TS,,
279,โรงพยาบาลบางปะกอกสมุทรปราการ,สมุทรปราการ,กรุงเทพและปริมณฑล,เขต 6,เอกชน,NPS+TS,,
281,กรมวิทยาศาสตร์การแพทย์ กองการแพทย์จีโนมิกส์และสนับสนุนนวัตกรรม,นนทบุรี,กรุงเทพและปริมณฑล,แล็บอ้างอิง,ภาครัฐ,NPS+TS,Pool Saliva,Pool NPS+TS
280,โรงพยาบาลโอเวอร์บรุ๊ค,เชียงราย,ต่างจังหวัด,เขต 1,เอกชน,NPS+TS,,
